dataset,n_features,algorithm,n_clusters,ARI_mean,ARI_std,NMI_mean,NMI_std,silhouette,davies_bouldin,calinski_harabasz,n_clusters_found,eps,min_samples
data/polish_cities_2020.csv,9,KMeans,2.0,0.5747000684430473,0.3892672958008128,0.6038300832674921,0.35015734164927814,0.26633729517143756,1.265852115263035,5.48232345478995,2,,
data/polish_cities_2020.csv,9,KMeans,3.0,0.512623313434181,0.375212323179447,0.6591107534194652,0.2603535778220323,0.19104781453099348,1.0941398413731378,5.3889682136663835,3,,
data/polish_cities_2020.csv,9,KMeans,4.0,0.6729614583981822,0.28258773614408633,0.8301822223502947,0.15012688638826924,0.21432078312803934,0.9587079180346125,6.12217737043416,4,,
data/polish_cities_2020.csv,9,KMeans,5.0,0.6630621313386197,0.22460223043460847,0.8595774224610477,0.09785953946346022,0.21330102357313416,0.8098416570389985,6.257135963922406,5,,
data/polish_cities_2020.csv,9,KMeans,6.0,0.7483863155917025,0.18801390696108947,0.9068087705182883,0.07054174346605854,0.18833445186134581,0.7217214770155804,6.687428004689155,6,,
data/polish_cities_2020.csv,9,Hierarchical,2.0,0.5145019748906757,0.4728745831372184,0.5421402950228955,0.44670784412073705,0.39412854480089093,0.41637774482376644,4.647634831036803,2,,
data/polish_cities_2020.csv,9,Hierarchical,3.0,0.5092022181781581,0.3666581254383897,0.6687629449171151,0.24941651908735638,0.19104781453099348,1.0941398413731378,5.3889682136663835,3,,
data/polish_cities_2020.csv,9,Hierarchical,4.0,0.6713063211024388,0.244125274471756,0.8416839929606232,0.11561941803709343,0.1889938079666598,0.9704512876501289,5.623575066834855,4,,
data/polish_cities_2020.csv,9,Hierarchical,5.0,0.7530996506093836,0.19324736985250782,0.9005069648866478,0.07459637152588432,0.1942563127499388,0.8459437714553719,6.088024559370497,5,,
data/polish_cities_2020.csv,9,Hierarchical,6.0,0.7545640646484982,0.19771403224816317,0.9148444557327851,0.06597821571311459,0.18833445186134581,0.7217214770155804,6.687428004689155,6,,
data/polish_cities_2020.csv,9,DBSCAN,,1.0,0.0,1.0,0.0,,,,0,1.5,2.0
data/polish_cities_2020.csv,9,DBSCAN,,1.0,0.0,1.0,0.0,,,,0,1.5,4.0
data/polish_cities_2020.csv,9,DBSCAN,,1.0,0.0,1.0,0.0,,,,0,1.5,6.0
data/polish_cities_2020.csv,9,DBSCAN,,1.0,0.0,1.0,0.0,,,,0,1.5,10.0
data/polish_cities_2020.csv,9,DBSCAN,,0.6,0.48989794855663565,0.6,0.48989794855663565,,,,0,1.75,2.0
data/polish_cities_2020.csv,9,DBSCAN,,1.0,0.0,1.0,0.0,,,,0,1.75,4.0
data/polish_cities_2020.csv,9,DBSCAN,,1.0,0.0,1.0,0.0,,,,0,1.75,6.0
data/polish_cities_2020.csv,9,DBSCAN,,1.0,0.0,1.0,0.0,,,,0,1.75,10.0
data/polish_cities_2020.csv,9,DBSCAN,,0.7764755158559221,0.2220165175294974,0.8229736554092285,0.20209500271005534,0.4307080657229522,0.6383246727489335,6.086606808061514,2,2.0,2.0
data/polish_cities_2020.csv,9,DBSCAN,,1.0,0.0,1.0,0.0,,,,0,2.0,4.0
data/polish_cities_2020.csv,9,DBSCAN,,1.0,0.0,1.0,0.0,,,,0,2.0,6.0
data/polish_cities_2020.csv,9,DBSCAN,,1.0,0.0,1.0,0.0,,,,0,2.0,10.0
data/polish_cities_2020.csv,9,DBSCAN,,0.7684539622228773,0.251095141805114,0.8285938051312302,0.21073109015696778,0.3515220019036225,0.762672739317069,4.512044261221495,2,2.25,2.0
data/polish_cities_2020.csv,9,DBSCAN,,0.32,0.46647615158762407,0.32,0.46647615158762407,,,,0,2.25,4.0
data/polish_cities_2020.csv,9,DBSCAN,,1.0,0.0,1.0,0.0,,,,0,2.25,6.0
data/polish_cities_2020.csv,9,DBSCAN,,1.0,0.0,1.0,0.0,,,,0,2.25,10.0
data/polish_cities_2020.csv,9,DBSCAN,,0.8374875153387571,0.20582435526424392,0.9081410661688455,0.10903349090524679,0.3331233868651058,0.9275796452665419,6.730644385833208,2,2.5,2.0
data/polish_cities_2020.csv,9,DBSCAN,,0.49518435475477296,0.34661217425653745,0.5629501249817523,0.3574084225732277,0.14270875103986935,1.1791442226177236,2.216402644706302,2,2.5,4.0
data/polish_cities_2020.csv,9,DBSCAN,,1.0,0.0,1.0,0.0,,,,0,2.5,6.0
data/polish_cities_2020.csv,9,DBSCAN,,1.0,0.0,1.0,0.0,,,,0,2.5,10.0
data/polish_cities_2020.csv,9,DBSCAN,,0.6518939820367248,0.33019078738819463,0.7179478341471597,0.26903465669277155,,,,0,2.75,2.0
data/polish_cities_2020.csv,9,DBSCAN,,0.3442304500038602,0.30516760636013585,0.4091574204474946,0.2382649568243652,,,,0,2.75,4.0
data/polish_cities_2020.csv,9,DBSCAN,,0.3521885551648537,0.39267455638170223,0.3549645433555451,0.39258460842809006,,,,0,2.75,6.0
data/polish_cities_2020.csv,9,DBSCAN,,1.0,0.0,1.0,0.0,,,,0,2.75,10.0
data/polish_cities_2020.csv,9,DBSCAN,,0.7285722688078087,0.3272768739223967,0.7728602563764565,0.272104665811841,,,,0,3.0,2.0
data/polish_cities_2020.csv,9,DBSCAN,,0.5595496007258106,0.3541581059848677,0.5934281490754073,0.3006185907403511,,,,0,3.0,4.0
data/polish_cities_2020.csv,9,DBSCAN,,0.49430463576158945,0.39666112298685013,0.4946844109171184,0.39679680758050784,,,,0,3.0,6.0
data/polish_cities_2020.csv,9,DBSCAN,,1.0,0.0,1.0,0.0,,,,0,3.0,10.0
data/polish_cities_2020.csv,9,DBSCAN,,0.8984719272398798,0.2063380330830358,0.9263076655578405,0.1492514449524355,,,,0,3.25,2.0
data/polish_cities_2020.csv,9,DBSCAN,,0.8551990748102622,0.2708954485663477,0.8601591260858565,0.2550028249036002,,,,0,3.25,4.0
data/polish_cities_2020.csv,9,DBSCAN,,0.4364781203857765,0.2901548095288863,0.45200725751652754,0.2545103539699495,,,,0,3.25,6.0
data/polish_cities_2020.csv,9,DBSCAN,,1.0,0.0,1.0,0.0,,,,0,3.25,10.0
data/polish_cities_2020.csv,9,DBSCAN,,0.9847856154910096,0.07453495759506212,0.9826806397441823,0.08484719059638467,,,,0,3.5,2.0
data/polish_cities_2020.csv,9,DBSCAN,,0.9249087663391542,0.17762076845911803,0.9194371535128353,0.18696585815135944,,,,0,3.5,4.0
data/polish_cities_2020.csv,9,DBSCAN,,0.6124922700030354,0.2719242287720248,0.5927515169112599,0.2637884234370629,,,,0,3.5,6.0
data/polish_cities_2020.csv,9,DBSCAN,,0.0,0.0,0.0,0.0,,,,0,3.5,10.0
data/polish_cities_2020.csv,9,Custom,2.0,0.38273183507077496,0.3173324967413549,0.4267365947888191,0.28321009402545344,0.21993465188154784,1.4050103337768414,5.008620567489835,2,,
data/polish_cities_2020.csv,9,Custom,3.0,0.29947579879424546,0.26635337701922995,0.49311834515157094,0.2058878431756753,0.19104781453099348,1.0941398413731378,5.3889682136663835,3,,
data/polish_cities_2020.csv,9,Custom,4.0,0.21342065428986515,0.11511405756589392,0.5231389502541532,0.07678488855028781,0.11659905082550412,1.2020731585205662,4.123429633669122,4,,
data/polish_cities_2020.csv,9,Custom,5.0,0.3956839772859056,0.21264860624264748,0.7380681481522464,0.10255468194934533,0.17498340230728435,1.0095859384817105,5.482515513825063,5,,
data/polish_cities_2020.csv,9,Custom,6.0,0.37844512218963294,0.19345094009153335,0.7811117173210167,0.06958367257772168,0.1255164240303913,0.8906603792841997,4.955241378103773,6,,
data/polish_cities_2020_no_people.csv,8,KMeans,2.0,0.5637876549883829,0.38238703856693307,0.5859336983243373,0.3513486139939407,0.25209635126181457,1.3876359741475768,5.309963137215406,2,,
data/polish_cities_2020_no_people.csv,8,KMeans,3.0,0.5802195047845058,0.23556861545703212,0.7202327154835686,0.160924107397456,0.2013774993860856,1.2339379967536017,5.021523445512287,3,,
data/polish_cities_2020_no_people.csv,8,KMeans,4.0,0.5522412586548505,0.2321688393074145,0.7689368377747618,0.12019989395216849,0.21341630552184293,0.9749211813964564,5.294757709643409,4,,
data/polish_cities_2020_no_people.csv,8,KMeans,5.0,0.7072552712009055,0.2105411928570921,0.8774855914176024,0.09199641962253664,0.20151044797527037,0.8561107565865773,5.437558515993629,5,,
data/polish_cities_2020_no_people.csv,8,KMeans,6.0,0.6045034600102648,0.20246597748770886,0.856395361082524,0.07150724236857157,0.1915795196534272,0.8192479252727111,6.04585502930812,6,,
data/polish_cities_2020_no_people.csv,8,Hierarchical,2.0,0.35164178294938353,0.3065273844098763,0.45236834989021324,0.22886193014667658,0.24765843282256528,1.2935593142899287,5.0359128456454485,2,,
data/polish_cities_2020_no_people.csv,8,Hierarchical,3.0,0.5353436249326105,0.28763508877684835,0.6914656002759583,0.19486507699932748,0.2013774993860856,1.2339379967536017,5.021523445512288,3,,
data/polish_cities_2020_no_people.csv,8,Hierarchical,4.0,0.6654200779426276,0.25612152603668414,0.8335777232266594,0.12532105426142598,0.21341630552184293,0.9749211813964566,5.29475770964341,4,,
data/polish_cities_2020_no_people.csv,8,Hierarchical,5.0,0.7180499665449891,0.249183689654888,0.8853537896048187,0.10332826343097137,0.20151044797527037,0.8561107565865773,5.437558515993629,5,,
data/polish_cities_2020_no_people.csv,8,Hierarchical,6.0,0.8111643480689575,0.19688835843363947,0.9363129961558885,0.0707477449498187,0.1873051806176486,0.7082043964623591,5.878768422423945,6,,
data/polish_cities_2020_no_people.csv,8,DBSCAN,,1.0,0.0,1.0,0.0,,,,0,1.5,2.0
data/polish_cities_2020_no_people.csv,8,DBSCAN,,1.0,0.0,1.0,0.0,,,,0,1.5,4.0
data/polish_cities_2020_no_people.csv,8,DBSCAN,,1.0,0.0,1.0,0.0,,,,0,1.5,6.0
data/polish_cities_2020_no_people.csv,8,DBSCAN,,1.0,0.0,1.0,0.0,,,,0,1.5,10.0
data/polish_cities_2020_no_people.csv,8,DBSCAN,,0.6,0.48989794855663565,0.6,0.48989794855663565,,,,0,1.75,2.0
data/polish_cities_2020_no_people.csv,8,DBSCAN,,1.0,0.0,1.0,0.0,,,,0,1.75,4.0
data/polish_cities_2020_no_people.csv,8,DBSCAN,,1.0,0.0,1.0,0.0,,,,0,1.75,6.0
data/polish_cities_2020_no_people.csv,8,DBSCAN,,1.0,0.0,1.0,0.0,,,,0,1.75,10.0
data/polish_cities_2020_no_people.csv,8,DBSCAN,,0.7764755158559221,0.2220165175294974,0.8229736554092285,0.20209500271005534,0.42556122481715136,0.6481723019670766,5.922627350310507,2,2.0,2.0
data/polish_cities_2020_no_people.csv,8,DBSCAN,,1.0,0.0,1.0,0.0,,,,0,2.0,4.0
data/polish_cities_2020_no_people.csv,8,DBSCAN,,1.0,0.0,1.0,0.0,,,,0,2.0,6.0
data/polish_cities_2020_no_people.csv,8,DBSCAN,,1.0,0.0,1.0,0.0,,,,0,2.0,10.0
data/polish_cities_2020_no_people.csv,8,DBSCAN,,0.7625484620068064,0.20453109503924424,0.8203992021638851,0.16183363888521196,0.36343285792474506,0.7420318450120735,5.184141112836854,2,2.25,2.0
data/polish_cities_2020_no_people.csv,8,DBSCAN,,0.32,0.46647615158762407,0.32,0.46647615158762407,,,,0,2.25,4.0
data/polish_cities_2020_no_people.csv,8,DBSCAN,,1.0,0.0,1.0,0.0,,,,0,2.25,6.0
data/polish_cities_2020_no_people.csv,8,DBSCAN,,1.0,0.0,1.0,0.0,,,,0,2.25,10.0
data/polish_cities_2020_no_people.csv,8,DBSCAN,,0.6332203456849657,0.3148413862298032,0.7330658107029236,0.23848888612133975,,,,0,2.5,2.0
data/polish_cities_2020_no_people.csv,8,DBSCAN,,0.47229529794308545,0.26160993021382223,0.5866505770623508,0.23232806910829595,0.24863164753517017,1.2055239056827203,5.800880897022929,2,2.5,4.0
data/polish_cities_2020_no_people.csv,8,DBSCAN,,1.0,0.0,1.0,0.0,,,,0,2.5,6.0
data/polish_cities_2020_no_people.csv,8,DBSCAN,,1.0,0.0,1.0,0.0,,,,0,2.5,10.0
data/polish_cities_2020_no_people.csv,8,DBSCAN,,0.6615326731724486,0.3225401742977324,0.7290342589905964,0.261692303674615,,,,0,2.75,2.0
data/polish_cities_2020_no_people.csv,8,DBSCAN,,0.3615760479013634,0.2923847660502943,0.41826939558320086,0.23306807127452617,,,,0,2.75,4.0
data/polish_cities_2020_no_people.csv,8,DBSCAN,,0.4688741721854305,0.4070213976433613,0.4692159698254066,0.407161772862154,,,,0,2.75,6.0
data/polish_cities_2020_no_people.csv,8,DBSCAN,,1.0,0.0,1.0,0.0,,,,0,2.75,10.0
data/polish_cities_2020_no_people.csv,8,DBSCAN,,0.7903618646356579,0.285000011063914,0.8366410319851468,0.23288108018163087,,,,0,3.0,2.0
data/polish_cities_2020_no_people.csv,8,DBSCAN,,0.6853422346504408,0.34765401633462506,0.7147658999559012,0.3087351299041452,,,,0,3.0,4.0
data/polish_cities_2020_no_people.csv,8,DBSCAN,,0.5651894952721315,0.4029574928844391,0.5643022047859162,0.3992076791315562,,,,0,3.0,6.0
data/polish_cities_2020_no_people.csv,8,DBSCAN,,1.0,0.0,1.0,0.0,,,,0,3.0,10.0
data/polish_cities_2020_no_people.csv,8,DBSCAN,,0.961129701512515,0.13515211411268183,0.968500598757831,0.1073947520715969,,,,0,3.25,2.0
data/polish_cities_2020_no_people.csv,8,DBSCAN,,0.8866522403212747,0.21824096734826665,0.8806405846348341,0.21834850577731538,,,,0,3.25,4.0
data/polish_cities_2020_no_people.csv,8,DBSCAN,,0.4979651926543813,0.32167459121466124,0.5083102123770976,0.2906982884667244,,,,0,3.25,6.0
data/polish_cities_2020_no_people.csv,8,DBSCAN,,1.0,0.0,1.0,0.0,,,,0,3.25,10.0
data/polish_cities_2020_no_people.csv,8,DBSCAN,,0.8169345201804658,0.31865032827913675,0.8051620572226912,0.32991203281929044,,,,0,3.5,2.0
data/polish_cities_2020_no_people.csv,8,DBSCAN,,0.7884453115473723,0.33254547150903707,0.7769332662555273,0.3420038327678781,,,,0,3.5,4.0
data/polish_cities_2020_no_people.csv,8,DBSCAN,,0.6459992683819047,0.36260134432845215,0.6357893114197081,0.3656282860894309,,,,0,3.5,6.0
data/polish_cities_2020_no_people.csv,8,DBSCAN,,0.0,0.0,0.0,0.0,,,,0,3.5,10.0
data/polish_cities_2020_no_people.csv,8,Custom,2.0,0.3452071051321506,0.34855787273600103,0.38600236755365736,0.3150269121534224,0.2224290909788402,1.4491613141250208,5.141279267037371,2,,
data/polish_cities_2020_no_people.csv,8,Custom,3.0,0.25697557822559186,0.22445527927370115,0.44638759560522184,0.17241635333868388,0.17688712904698253,1.1477882373708173,4.262436153480685,3,,
data/polish_cities_2020_no_people.csv,8,Custom,4.0,0.18806048447681228,0.12946019282411297,0.5032301533004575,0.10440479745623948,0.11468722120870609,1.2240616906135433,3.4934238400672903,4,,
data/polish_cities_2020_no_people.csv,8,Custom,5.0,0.37446278854020626,0.23938741809623146,0.7247898149420773,0.11002861939462742,0.17720082372762505,0.9952334567857068,4.881310142532584,5,,
data/polish_cities_2020_no_people.csv,8,Custom,6.0,0.34019824166804596,0.1925558836783872,0.7658010524433101,0.07296819111993415,0.12239341875694718,0.8858976739613986,4.431650257836529,6,,
data/polish_cities_2020_no_salary.csv,8,KMeans,2.0,0.5584487378615404,0.41061392172563727,0.5982400631346301,0.3562298723525748,0.2615784410216585,1.3085403211916775,5.162723978096216,2,,
data/polish_cities_2020_no_salary.csv,8,KMeans,3.0,0.44723043003212326,0.20108663752809477,0.6277722847795242,0.1589282770940666,0.213210465360341,1.1651141215654037,5.177244398260841,3,,
data/polish_cities_2020_no_salary.csv,8,KMeans,4.0,0.8767208879030994,0.15398817850929858,0.9296555827327206,0.08244040184362432,0.2514950329601622,0.8840775815698604,6.739259076501586,4,,
data/polish_cities_2020_no_salary.csv,8,KMeans,5.0,0.6905609234030473,0.20055965713567434,0.8580453164821249,0.09062620610504188,0.2452109352667975,0.7921312083656231,6.726064294948396,5,,
data/polish_cities_2020_no_salary.csv,8,KMeans,6.0,0.5881181787461012,0.16574606102156708,0.851740089791108,0.05785762314353677,0.18345249276264308,0.8317071809352496,6.523744350851983,6,,
data/polish_cities_2020_no_salary.csv,8,Hierarchical,2.0,0.5313314325118672,0.3992050288971895,0.5743933308286119,0.3504810144887449,0.2615784410216585,1.3085403211916775,5.162723978096216,2,,
data/polish_cities_2020_no_salary.csv,8,Hierarchical,3.0,0.5253873190458644,0.184718816673928,0.7070516045937444,0.11585281854837312,0.213210465360341,1.1651141215654035,5.177244398260841,3,,
data/polish_cities_2020_no_salary.csv,8,Hierarchical,4.0,0.8403443225551925,0.22361452869654655,0.9134391576389599,0.11993329158927718,0.23772788452106877,0.9032194047550368,6.5055869925916525,4,,
data/polish_cities_2020_no_salary.csv,8,Hierarchical,5.0,0.8408138554409199,0.2027691590236988,0.9278644410243959,0.09072459213447827,0.2220856506205346,0.7460925719343608,6.6918770195546475,5,,
data/polish_cities_2020_no_salary.csv,8,Hierarchical,6.0,0.7953240042798896,0.2064779337039218,0.9296662122401819,0.07388156871717132,0.19822236639858365,0.7032170284745659,6.644175059057757,6,,
data/polish_cities_2020_no_salary.csv,8,DBSCAN,,0.84,0.3666060555964672,0.84,0.3666060555964672,,,,0,1.5,2.0
data/polish_cities_2020_no_salary.csv,8,DBSCAN,,1.0,0.0,1.0,0.0,,,,0,1.5,4.0
data/polish_cities_2020_no_salary.csv,8,DBSCAN,,1.0,0.0,1.0,0.0,,,,0,1.5,6.0
data/polish_cities_2020_no_salary.csv,8,DBSCAN,,1.0,0.0,1.0,0.0,,,,0,1.5,10.0
data/polish_cities_2020_no_salary.csv,8,DBSCAN,,0.7895417789757413,0.27274103519251064,0.8182079047767165,0.26551985741632916,0.49790174581321994,0.5271235717733228,7.179044927547284,2,1.75,2.0
data/polish_cities_2020_no_salary.csv,8,DBSCAN,,1.0,0.0,1.0,0.0,,,,0,1.75,4.0
data/polish_cities_2020_no_salary.csv,8,DBSCAN,,1.0,0.0,1.0,0.0,,,,0,1.75,6.0
data/polish_cities_2020_no_salary.csv,8,DBSCAN,,1.0,0.0,1.0,0.0,,,,0,1.75,10.0
data/polish_cities_2020_no_salary.csv,8,DBSCAN,,0.8150237010874616,0.21555455365256734,0.8480676090101918,0.2030417051397979,0.5011345940268713,0.557425363336173,8.64193626628633,2,2.0,2.0
data/polish_cities_2020_no_salary.csv,8,DBSCAN,,1.0,0.0,1.0,0.0,,,,0,2.0,4.0
data/polish_cities_2020_no_salary.csv,8,DBSCAN,,1.0,0.0,1.0,0.0,,,,0,2.0,6.0
data/polish_cities_2020_no_salary.csv,8,DBSCAN,,1.0,0.0,1.0,0.0,,,,0,2.0,10.0
data/polish_cities_2020_no_salary.csv,8,DBSCAN,,0.7722300453456283,0.2566180750017001,0.8268744038289019,0.21825003803485404,0.3502477128173748,0.7846727022796188,4.712882336611562,2,2.25,2.0
data/polish_cities_2020_no_salary.csv,8,DBSCAN,,0.48,0.4995998398718719,0.48,0.4995998398718719,,,,0,2.25,4.0
data/polish_cities_2020_no_salary.csv,8,DBSCAN,,1.0,0.0,1.0,0.0,,,,0,2.25,6.0
data/polish_cities_2020_no_salary.csv,8,DBSCAN,,1.0,0.0,1.0,0.0,,,,0,2.25,10.0
data/polish_cities_2020_no_salary.csv,8,DBSCAN,,0.7320977496360841,0.29736576680407406,0.799001997889635,0.23032989067773352,,,,0,2.5,2.0
data/polish_cities_2020_no_salary.csv,8,DBSCAN,,0.48211562023785115,0.3176456530739613,0.5353562811993161,0.23838495491194475,,,,0,2.5,4.0
data/polish_cities_2020_no_salary.csv,8,DBSCAN,,0.38898949833126567,0.3928656052509168,0.38744377823727466,0.39193642948724416,,,,0,2.5,6.0
data/polish_cities_2020_no_salary.csv,8,DBSCAN,,1.0,0.0,1.0,0.0,,,,0,2.5,10.0
data/polish_cities_2020_no_salary.csv,8,DBSCAN,,0.6615326731724486,0.3225401742977324,0.7290342589905964,0.261692303674615,,,,0,2.75,2.0
data/polish_cities_2020_no_salary.csv,8,DBSCAN,,0.3615760479013634,0.2923847660502943,0.41826939558320086,0.23306807127452617,,,,0,2.75,4.0
data/polish_cities_2020_no_salary.csv,8,DBSCAN,,0.6325827814569537,0.42052978046618295,0.6328106465502711,0.42053169839968946,,,,0,2.75,6.0
data/polish_cities_2020_no_salary.csv,8,DBSCAN,,1.0,0.0,1.0,0.0,,,,0,2.75,10.0
data/polish_cities_2020_no_salary.csv,8,DBSCAN,,0.8213653457412464,0.2554099820706218,0.8249423340749558,0.24166614684226487,,,,0,3.0,2.0
data/polish_cities_2020_no_salary.csv,8,DBSCAN,,0.7357445630808104,0.29096147978906606,0.7258805938016019,0.2776401423319082,,,,0,3.0,4.0
data/polish_cities_2020_no_salary.csv,8,DBSCAN,,0.5604201476449115,0.314541224519232,0.5614429078219305,0.3028649449567758,,,,0,3.0,6.0
data/polish_cities_2020_no_salary.csv,8,DBSCAN,,1.0,0.0,1.0,0.0,,,,0,3.0,10.0
data/polish_cities_2020_no_salary.csv,8,DBSCAN,,0.9813559322033899,0.09133690566310156,0.9783477120474637,0.10607411449505069,,,,0,3.25,2.0
data/polish_cities_2020_no_salary.csv,8,DBSCAN,,0.9440677966101694,0.15146512279829757,0.9350431361423912,0.1759040188746411,,,,0,3.25,4.0
data/polish_cities_2020_no_salary.csv,8,DBSCAN,,0.37471714353342844,0.31259338951250343,0.3572488183034286,0.2952894139003285,,,,0,3.25,6.0
data/polish_cities_2020_no_salary.csv,8,DBSCAN,,0.0,0.0,0.0,0.0,,,,0,3.25,10.0
data/polish_cities_2020_no_salary.csv,8,DBSCAN,,1.0,0.0,1.0,0.0,,,,0,3.5,2.0
data/polish_cities_2020_no_salary.csv,8,DBSCAN,,1.0,0.0,1.0,0.0,,,,0,3.5,4.0
data/polish_cities_2020_no_salary.csv,8,DBSCAN,,0.9440677966101694,0.15146512279829757,0.9350431361423912,0.1759040188746411,,,,0,3.5,6.0
data/polish_cities_2020_no_salary.csv,8,DBSCAN,,0.2,0.4000000000000001,0.2,0.4000000000000001,,,,0,3.5,10.0
data/polish_cities_2020_no_salary.csv,8,Custom,2.0,0.18984576434234288,0.27451375877163015,0.29093355566692,0.2353277769147987,0.18041566781641416,1.5268854272903936,4.211862218116858,2,,
data/polish_cities_2020_no_salary.csv,8,Custom,3.0,0.23432730091992826,0.27617498367873555,0.4317009239287527,0.21524741359628488,0.1946082185000009,1.0729285470793823,5.412383166525323,3,,
data/polish_cities_2020_no_salary.csv,8,Custom,4.0,0.11141398569907782,0.0989684181522673,0.47708037574867196,0.08408381000014092,0.0700048601314391,1.3375836488572959,3.870781099286315,4,,
data/polish_cities_2020_no_salary.csv,8,Custom,5.0,0.3680577418826041,0.1952984761198026,0.7203596078308593,0.09524342185494317,0.19082208814557208,0.9818190453598422,5.845380900931825,5,,
data/polish_cities_2020_no_salary.csv,8,Custom,6.0,0.290991870485778,0.16504758101177744,0.7359023708590366,0.06900473381616,0.07118991205579313,0.8958554368598478,4.867480274584988,6,,
data/polish_cities_2020_no_green.csv,8,KMeans,2.0,0.37905453184785587,0.3874378055925765,0.4197250313115339,0.35822204286934317,0.28905714028481333,1.2702123227348638,6.304985793918577,2,,
data/polish_cities_2020_no_green.csv,8,KMeans,3.0,0.4949125410707628,0.3433340737406514,0.6340050620662772,0.2427090698689185,0.2638470897233073,0.9323014263964842,6.582002686475639,3,,
data/polish_cities_2020_no_green.csv,8,KMeans,4.0,0.7830858423670426,0.2807920787943153,0.8840668103581428,0.14566743665006351,0.26907749861203506,0.8246739484855714,8.189141908723931,4,,
data/polish_cities_2020_no_green.csv,8,KMeans,5.0,0.7048707356924255,0.24635424537498304,0.8845260976725975,0.10077247558819057,0.2526406030026459,0.6801925864485201,8.288511993306754,5,,
data/polish_cities_2020_no_green.csv,8,KMeans,6.0,0.6414572315048253,0.16019208980661465,0.8815539061908702,0.0535899221070481,0.2066880647435474,0.7967225659510754,8.17381632135698,6,,
data/polish_cities_2020_no_green.csv,8,Hierarchical,2.0,0.3556093227119572,0.34629767735530165,0.40361997714283687,0.315578805228283,0.28905714028481333,1.2702123227348638,6.304985793918577,2,,
data/polish_cities_2020_no_green.csv,8,Hierarchical,3.0,0.5057677078532178,0.33154594395869175,0.6446406800221649,0.23692197391436998,0.2638470897233073,0.9323014263964842,6.582002686475639,3,,
data/polish_cities_2020_no_green.csv,8,Hierarchical,4.0,0.6096189655117034,0.24418564563743134,0.7895673819927754,0.12591270007949212,0.21833581150323825,0.8591445790577961,6.94785947193175,4,,
data/polish_cities_2020_no_green.csv,8,Hierarchical,5.0,0.7742854154616587,0.20099745429323781,0.917155546319381,0.07469073141720252,0.23316220252546116,0.6895751843558611,7.943026085989255,5,,
data/polish_cities_2020_no_green.csv,8,Hierarchical,6.0,0.8374842404683784,0.16322180260650537,0.950526976544269,0.0467367753887654,0.23158758328264772,0.7564896907386204,8.680913289809615,6,,
data/polish_cities_2020_no_green.csv,8,DBSCAN,,1.0,0.0,1.0,0.0,,,,0,1.5,2.0
data/polish_cities_2020_no_green.csv,8,DBSCAN,,1.0,0.0,1.0,0.0,,,,0,1.5,4.0
data/polish_cities_2020_no_green.csv,8,DBSCAN,,1.0,0.0,1.0,0.0,,,,0,1.5,6.0
data/polish_cities_2020_no_green.csv,8,DBSCAN,,1.0,0.0,1.0,0.0,,,,0,1.5,10.0
data/polish_cities_2020_no_green.csv,8,DBSCAN,,0.8865591702426622,0.1748190392675218,0.9194368785703279,0.1208808012270539,0.43071865372627444,0.662022353935477,5.607976495133678,2,1.75,2.0
data/polish_cities_2020_no_green.csv,8,DBSCAN,,1.0,0.0,1.0,0.0,,,,0,1.75,4.0
data/polish_cities_2020_no_green.csv,8,DBSCAN,,1.0,0.0,1.0,0.0,,,,0,1.75,6.0
data/polish_cities_2020_no_green.csv,8,DBSCAN,,1.0,0.0,1.0,0.0,,,,0,1.75,10.0
data/polish_cities_2020_no_green.csv,8,DBSCAN,,0.8147784328313986,0.16057003911616305,0.9095157710476459,0.08187288336868846,0.37133003366558054,0.7888334354633298,8.090031177110005,3,2.0,2.0
data/polish_cities_2020_no_green.csv,8,DBSCAN,,1.0,0.0,1.0,0.0,,,,0,2.0,4.0
data/polish_cities_2020_no_green.csv,8,DBSCAN,,1.0,0.0,1.0,0.0,,,,0,2.0,6.0
data/polish_cities_2020_no_green.csv,8,DBSCAN,,1.0,0.0,1.0,0.0,,,,0,2.0,10.0
data/polish_cities_2020_no_green.csv,8,DBSCAN,,0.7321287247224767,0.21198589051482244,0.8381581764583749,0.11464167254862799,0.32841711169818516,0.9092363317825174,6.35250616867413,2,2.25,2.0
data/polish_cities_2020_no_green.csv,8,DBSCAN,,0.4425840008409544,0.3611311454122788,0.4979907840160652,0.36355998246990306,,,,0,2.25,4.0
data/polish_cities_2020_no_green.csv,8,DBSCAN,,1.0,0.0,1.0,0.0,,,,0,2.25,6.0
data/polish_cities_2020_no_green.csv,8,DBSCAN,,1.0,0.0,1.0,0.0,,,,0,2.25,10.0
data/polish_cities_2020_no_green.csv,8,DBSCAN,,0.8602259561649539,0.17690639462784521,0.9035651237383917,0.10757668993020068,0.32841711169818516,0.9092363317825174,6.35250616867413,2,2.5,2.0
data/polish_cities_2020_no_green.csv,8,DBSCAN,,0.6312327650947799,0.37041571882423974,0.6616190228453936,0.3357292946550635,,,,0,2.5,4.0
data/polish_cities_2020_no_green.csv,8,DBSCAN,,0.4,0.48989794855663565,0.4,0.48989794855663565,,,,0,2.5,6.0
data/polish_cities_2020_no_green.csv,8,DBSCAN,,1.0,0.0,1.0,0.0,,,,0,2.5,10.0
data/polish_cities_2020_no_green.csv,8,DBSCAN,,0.7648464110317605,0.26956007199414483,0.8415746093987967,0.1812985816041203,,,,0,2.75,2.0
data/polish_cities_2020_no_green.csv,8,DBSCAN,,0.5136219652624274,0.2852941355661102,0.5243490985926946,0.25468455238209264,,,,0,2.75,4.0
data/polish_cities_2020_no_green.csv,8,DBSCAN,,0.5944062006941101,0.3974580476921497,0.600965308137494,0.3920722350078081,,,,0,2.75,6.0
data/polish_cities_2020_no_green.csv,8,DBSCAN,,1.0,0.0,1.0,0.0,,,,0,2.75,10.0
data/polish_cities_2020_no_green.csv,8,DBSCAN,,0.9221278412183744,0.1811883100194411,0.9404877065441916,0.13834016713951816,,,,0,3.0,2.0
data/polish_cities_2020_no_green.csv,8,DBSCAN,,0.889045228656416,0.23108794311132266,0.8885888124752148,0.22795455975977538,,,,0,3.0,4.0
data/polish_cities_2020_no_green.csv,8,DBSCAN,,0.3992580694062999,0.218168158781296,0.4065397739277021,0.1862521597883023,,,,0,3.0,6.0
data/polish_cities_2020_no_green.csv,8,DBSCAN,,1.0,0.0,1.0,0.0,,,,0,3.0,10.0
data/polish_cities_2020_no_green.csv,8,DBSCAN,,0.73631116967148,0.3463720180785648,0.74991576024552,0.33130234943874676,,,,0,3.25,2.0
data/polish_cities_2020_no_green.csv,8,DBSCAN,,0.6722924272745313,0.3694277449714716,0.6637419031657674,0.3679679850097316,,,,0,3.25,4.0
data/polish_cities_2020_no_green.csv,8,DBSCAN,,0.5022866538474942,0.25146050060252256,0.489751831248024,0.23826045785059607,,,,0,3.25,6.0
data/polish_cities_2020_no_green.csv,8,DBSCAN,,0.0,0.0,0.0,0.0,,,,0,3.25,10.0
data/polish_cities_2020_no_green.csv,8,DBSCAN,,0.9813559322033899,0.09133690566310156,0.9783477120474637,0.10607411449505069,,,,0,3.5,2.0
data/polish_cities_2020_no_green.csv,8,DBSCAN,,0.9813559322033899,0.09133690566310156,0.9783477120474637,0.10607411449505069,,,,0,3.5,4.0
data/polish_cities_2020_no_green.csv,8,DBSCAN,,0.9254237288135593,0.1708757038797093,0.9133908481898549,0.1984464970229556,,,,0,3.5,6.0
data/polish_cities_2020_no_green.csv,8,DBSCAN,,0.08,0.2712931993250107,0.08,0.2712931993250107,,,,0,3.5,10.0
data/polish_cities_2020_no_green.csv,8,Custom,2.0,0.5361326837521194,0.3434753639655666,0.5557743545608297,0.3145296393828139,0.2552019698574756,1.3200984445415684,6.022740986593888,2,,
data/polish_cities_2020_no_green.csv,8,Custom,3.0,0.23754295743162934,0.21998608369686534,0.43820848639320986,0.16965184606239408,0.19457762912744972,1.0990926716450458,5.853458913956664,3,,
data/polish_cities_2020_no_green.csv,8,Custom,4.0,0.3577060895218495,0.19898055985093258,0.6528333757183353,0.11630201764024792,0.21833581150323825,0.8591445790577961,6.94785947193175,4,,
data/polish_cities_2020_no_green.csv,8,Custom,5.0,0.4168268713868739,0.17779054093341268,0.7492803410722085,0.07990480335911164,0.19262496139772733,0.8655648685637006,7.1203340963773565,5,,
data/polish_cities_2020_no_green.csv,8,Custom,6.0,0.31015067460413304,0.21594941307687995,0.7470773059689406,0.09404021116752699,0.12763017919637035,0.7566135758798419,5.34784327228749,6,,
data/polish_cities_2020_no_green_and_nurse.csv,7,KMeans,2.0,0.5994194046594169,0.40729378071886324,0.6256798954001731,0.3749132879002507,0.3263580189896942,1.1456949729300332,7.702440627555503,2,,
data/polish_cities_2020_no_green_and_nurse.csv,7,KMeans,3.0,0.7955736536475644,0.22392290599434053,0.8581371598484284,0.15611101084784065,0.30578149493176005,0.800870347935786,8.926700151556103,3,,
data/polish_cities_2020_no_green_and_nurse.csv,7,KMeans,4.0,0.578101999922788,0.20817941668984652,0.7737235746815558,0.11088132526682258,0.20452019134514918,0.9776702274440661,8.28365130200655,4,,
data/polish_cities_2020_no_green_and_nurse.csv,7,KMeans,5.0,0.5841300521989967,0.20573888449018513,0.8307753109272902,0.08852559031206607,0.20104442492070926,0.8367443952304289,8.104308733835243,5,,
data/polish_cities_2020_no_green_and_nurse.csv,7,KMeans,6.0,0.7156812318381892,0.22080587534548815,0.9131577005084097,0.07166316698018478,0.21883640167969756,0.7155169810887085,8.625638036326597,6,,
data/polish_cities_2020_no_green_and_nurse.csv,7,Hierarchical,2.0,0.5485759606216369,0.32152396745267503,0.5566653725464586,0.3098691149344652,0.3339022446878696,1.1150230298497552,7.40771809751161,2,,
data/polish_cities_2020_no_green_and_nurse.csv,7,Hierarchical,3.0,0.6432138813194627,0.26565413818027833,0.762618282560341,0.16292035255858997,0.29493271602041854,0.6992920405449352,8.00522084282943,3,,
data/polish_cities_2020_no_green_and_nurse.csv,7,Hierarchical,4.0,0.7212373556117051,0.23623304796630068,0.8429769345777924,0.11812223131198582,0.25565478627165455,0.9318615156775552,8.33274889366002,4,,
data/polish_cities_2020_no_green_and_nurse.csv,7,Hierarchical,5.0,0.6739293440133376,0.21122466767468073,0.8778366820441146,0.08124160406148134,0.23711877807221912,0.663959057299467,8.3188389183265,5,,
data/polish_cities_2020_no_green_and_nurse.csv,7,Hierarchical,6.0,0.7114102903858385,0.2219385638417859,0.9120737902693485,0.07207546944021351,0.21883640167969756,0.7155169810887084,8.625638036326595,6,,
data/polish_cities_2020_no_green_and_nurse.csv,7,DBSCAN,,0.7376819407008085,0.30559117287279897,0.7689540779382361,0.3038219466161109,0.6833267838192343,0.3224576481143263,19.233365604000497,2,1.5,2.0
data/polish_cities_2020_no_green_and_nurse.csv,7,DBSCAN,,1.0,0.0,1.0,0.0,,,,0,1.5,4.0
data/polish_cities_2020_no_green_and_nurse.csv,7,DBSCAN,,1.0,0.0,1.0,0.0,,,,0,1.5,6.0
data/polish_cities_2020_no_green_and_nurse.csv,7,DBSCAN,,1.0,0.0,1.0,0.0,,,,0,1.5,10.0
data/polish_cities_2020_no_green_and_nurse.csv,7,DBSCAN,,0.7567637368836004,0.18717987517476833,0.8962464206903547,0.08478835422267618,0.3451143137905507,0.7580966767484654,7.880519335423561,4,1.75,2.0
data/polish_cities_2020_no_green_and_nurse.csv,7,DBSCAN,,1.0,0.0,1.0,0.0,,,,0,1.75,4.0
data/polish_cities_2020_no_green_and_nurse.csv,7,DBSCAN,,1.0,0.0,1.0,0.0,,,,0,1.75,6.0
data/polish_cities_2020_no_green_and_nurse.csv,7,DBSCAN,,1.0,0.0,1.0,0.0,,,,0,1.75,10.0
data/polish_cities_2020_no_green_and_nurse.csv,7,DBSCAN,,0.7066058818738579,0.256533683037726,0.8298377220461617,0.13444012001625572,0.3849626476944161,0.8045863589420033,8.069118277958411,2,2.0,2.0
data/polish_cities_2020_no_green_and_nurse.csv,7,DBSCAN,,0.5654657836644591,0.4034680492832018,0.5752312174970233,0.39973053157974303,,,,0,2.0,4.0
data/polish_cities_2020_no_green_and_nurse.csv,7,DBSCAN,,1.0,0.0,1.0,0.0,,,,0,2.0,6.0
data/polish_cities_2020_no_green_and_nurse.csv,7,DBSCAN,,1.0,0.0,1.0,0.0,,,,0,2.0,10.0
data/polish_cities_2020_no_green_and_nurse.csv,7,DBSCAN,,0.895829565837529,0.13560679280864876,0.9172505366508509,0.09653718685435977,0.38120586622339997,0.8119167011916766,8.296608775173194,2,2.25,2.0
data/polish_cities_2020_no_green_and_nurse.csv,7,DBSCAN,,0.7144620673224005,0.266109663638295,0.7394107818090803,0.22577697798604537,,,,0,2.25,4.0
data/polish_cities_2020_no_green_and_nurse.csv,7,DBSCAN,,0.35258278145695365,0.41556185324790107,0.352810646550271,0.41571729748361347,,,,0,2.25,6.0
data/polish_cities_2020_no_green_and_nurse.csv,7,DBSCAN,,1.0,0.0,1.0,0.0,,,,0,2.25,10.0
data/polish_cities_2020_no_green_and_nurse.csv,7,DBSCAN,,0.9731210629432758,0.08164411478144669,0.9775671916201029,0.06248367942918797,0.38120586622339997,0.8119167011916766,8.296608775173194,2,2.5,2.0
data/polish_cities_2020_no_green_and_nurse.csv,7,DBSCAN,,0.9560971302428256,0.11889019460317543,0.95693347863751,0.11662967406987079,,,,0,2.5,4.0
data/polish_cities_2020_no_green_and_nurse.csv,7,DBSCAN,,0.5127557706757064,0.4408038117712808,0.5101523591680731,0.4401301623762576,,,,0,2.5,6.0
data/polish_cities_2020_no_green_and_nurse.csv,7,DBSCAN,,1.0,0.0,1.0,0.0,,,,0,2.5,10.0
data/polish_cities_2020_no_green_and_nurse.csv,7,DBSCAN,,0.6323039882424036,0.3737193139561488,0.6832301557282598,0.33205987304443657,,,,0,2.75,2.0
data/polish_cities_2020_no_green_and_nurse.csv,7,DBSCAN,,0.546748140594342,0.3704938193573723,0.5719611403403934,0.3470297293542573,,,,0,2.75,4.0
data/polish_cities_2020_no_green_and_nurse.csv,7,DBSCAN,,0.8581285711789477,0.2386129607599704,0.856506896053851,0.24018890166717088,,,,0,2.75,6.0
data/polish_cities_2020_no_green_and_nurse.csv,7,DBSCAN,,1.0,0.0,1.0,0.0,,,,0,2.75,10.0
data/polish_cities_2020_no_green_and_nurse.csv,7,DBSCAN,,0.73631116967148,0.3463720180785648,0.74991576024552,0.33130234943874676,,,,0,3.0,2.0
data/polish_cities_2020_no_green_and_nurse.csv,7,DBSCAN,,0.6722924272745313,0.3694277449714716,0.6637419031657674,0.3679679850097316,,,,0,3.0,4.0
data/polish_cities_2020_no_green_and_nurse.csv,7,DBSCAN,,0.5022866538474942,0.25146050060252256,0.489751831248024,0.23826045785059607,,,,0,3.0,6.0
data/polish_cities_2020_no_green_and_nurse.csv,7,DBSCAN,,0.0,0.0,0.0,0.0,,,,0,3.0,10.0
data/polish_cities_2020_no_green_and_nurse.csv,7,DBSCAN,,1.0,0.0,1.0,0.0,,,,0,3.25,2.0
data/polish_cities_2020_no_green_and_nurse.csv,7,DBSCAN,,1.0,0.0,1.0,0.0,,,,0,3.25,4.0
data/polish_cities_2020_no_green_and_nurse.csv,7,DBSCAN,,0.9627118644067797,0.1264502200243694,0.9566954240949275,0.1468529617837487,,,,0,3.25,6.0
data/polish_cities_2020_no_green_and_nurse.csv,7,DBSCAN,,0.76,0.4270831300812524,0.76,0.4270831300812524,,,,0,3.25,10.0
data/polish_cities_2020_no_green_and_nurse.csv,7,DBSCAN,,1.0,0.0,1.0,0.0,,,,0,3.5,2.0
data/polish_cities_2020_no_green_and_nurse.csv,7,DBSCAN,,1.0,0.0,1.0,0.0,,,,0,3.5,4.0
data/polish_cities_2020_no_green_and_nurse.csv,7,DBSCAN,,1.0,0.0,1.0,0.0,,,,0,3.5,6.0
data/polish_cities_2020_no_green_and_nurse.csv,7,DBSCAN,,0.76,0.4270831300812524,0.76,0.4270831300812524,,,,0,3.5,10.0
data/polish_cities_2020_no_green_and_nurse.csv,7,Custom,2.0,0.7615322354926854,0.26754959052099625,0.7695917055402319,0.2511580355153678,0.293785412969629,1.1822217339896897,7.402068388031835,2,,
data/polish_cities_2020_no_green_and_nurse.csv,7,Custom,3.0,0.43627664478804595,0.3016136688303822,0.5824155222429709,0.21027910000107924,0.25138633299762214,0.9258143926280101,8.52570937232947,3,,
data/polish_cities_2020_no_green_and_nurse.csv,7,Custom,4.0,0.48164576285407384,0.19858359310813017,0.707877666088036,0.11671323247184331,0.1943156476038179,1.0227796711773707,8.072702152576179,4,,
data/polish_cities_2020_no_green_and_nurse.csv,7,Custom,5.0,0.5013538548430203,0.21663677827795522,0.7752071194982929,0.10504290580046458,0.19691003931129475,0.8858662882041951,7.171734496460919,5,,
data/polish_cities_2020_no_green_and_nurse.csv,7,Custom,6.0,0.08374304523043266,0.12129600959963603,0.6640446225587945,0.0695359493305431,0.008264973392422565,1.2617273971075889,4.948507638080361,6,,
